julian,date,month366,day366,month-day366,month365,day365,month-day365
0,1-Jan,Jan,1,Jan-1,Jan,1,Jan-1
1,2-Jan,Jan,2,Jan-2,Jan,2,Jan-2
2,3-Jan,Jan,3,Jan-3,Jan,3,Jan-3
3,4-Jan,Jan,4,Jan-4,Jan,4,Jan-4
4,5-Jan,Jan,5,Jan-5,Jan,5,Jan-5
5,6-Jan,Jan,6,Jan-6,Jan,6,Jan-6
6,7-Jan,Jan,7,Jan-7,Jan,7,Jan-7
7,8-Jan,Jan,8,Jan-8,Jan,8,Jan-8
8,9-Jan,Jan,9,Jan-9,Jan,9,Jan-9
9,10-Jan,Jan,10,Jan-10,Jan,10,Jan-10
10,11-Jan,Jan,11,Jan-11,Jan,11,Jan-11
11,12-Jan,Jan,12,Jan-12,Jan,12,Jan-12
12,13-Jan,Jan,13,Jan-13,Jan,13,Jan-13
13,14-Jan,Jan,14,Jan-14,Jan,14,Jan-14
14,15-Jan,Jan,15,Jan-15,Jan,15,Jan-15
15,16-Jan,Jan,16,Jan-16,Jan,16,Jan-16
16,17-Jan,Jan,17,Jan-17,Jan,17,Jan-17
17,18-Jan,Jan,18,Jan-18,Jan,18,Jan-18
18,19-Jan,Jan,19,Jan-19,Jan,19,Jan-19
19,20-Jan,Jan,20,Jan-20,Jan,20,Jan-20
20,21-Jan,Jan,21,Jan-21,Jan,21,Jan-21
21,22-Jan,Jan,22,Jan-22,Jan,22,Jan-22
22,23-Jan,Jan,23,Jan-23,Jan,23,Jan-23
23,24-Jan,Jan,24,Jan-24,Jan,24,Jan-24
24,25-Jan,Jan,25,Jan-25,Jan,25,Jan-25
25,26-Jan,Jan,26,Jan-26,Jan,26,Jan-26
26,27-Jan,Jan,27,Jan-27,Jan,27,Jan-27
27,28-Jan,Jan,28,Jan-28,Jan,28,Jan-28
28,29-Jan,Jan,29,Jan-29,Jan,29,Jan-29
29,30-Jan,Jan,30,Jan-30,Jan,30,Jan-30
30,31-Jan,Jan,31,Jan-31,Jan,31,Jan-31
31,1-Feb,Feb,1,Feb-1,Feb,1,Feb-1
32,2-Feb,Feb,2,Feb-2,Feb,2,Feb-2
33,3-Feb,Feb,3,Feb-3,Feb,3,Feb-3
34,4-Feb,Feb,4,Feb-4,Feb,4,Feb-4
35,5-Feb,Feb,5,Feb-5,Feb,5,Feb-5
36,6-Feb,Feb,6,Feb-6,Feb,6,Feb-6
37,7-Feb,Feb,7,Feb-7,Feb,7,Feb-7
38,8-Feb,Feb,8,Feb-8,Feb,8,Feb-8
39,9-Feb,Feb,9,Feb-9,Feb,9,Feb-9
40,10-Feb,Feb,10,Feb-10,Feb,10,Feb-10
41,11-Feb,Feb,11,Feb-11,Feb,11,Feb-11
42,12-Feb,Feb,12,Feb-12,Feb,12,Feb-12
43,13-Feb,Feb,13,Feb-13,Feb,13,Feb-13
44,14-Feb,Feb,14,Feb-14,Feb,14,Feb-14
45,15-Feb,Feb,15,Feb-15,Feb,15,Feb-15
46,16-Feb,Feb,16,Feb-16,Feb,16,Feb-16
47,17-Feb,Feb,17,Feb-17,Feb,17,Feb-17
48,18-Feb,Feb,18,Feb-18,Feb,18,Feb-18
49,19-Feb,Feb,19,Feb-19,Feb,19,Feb-19
50,20-Feb,Feb,20,Feb-20,Feb,20,Feb-20
51,21-Feb,Feb,21,Feb-21,Feb,21,Feb-21
52,22-Feb,Feb,22,Feb-22,Feb,22,Feb-22
53,23-Feb,Feb,23,Feb-23,Feb,23,Feb-23
54,24-Feb,Feb,24,Feb-24,Feb,24,Feb-24
55,25-Feb,Feb,25,Feb-25,Feb,25,Feb-25
56,26-Feb,Feb,26,Feb-26,Feb,26,Feb-26
57,27-Feb,Feb,27,Feb-27,Feb,27,Feb-27
58,28-Feb,Feb,28,Feb-28,Feb,28,Feb-28
59,29-Feb,Feb,29,Feb-29,Mar,1,Mar-1
60,1-Mar,Mar,1,Mar-1,Mar,2,Mar-2
61,2-Mar,Mar,2,Mar-2,Mar,3,Mar-3
62,3-Mar,Mar,3,Mar-3,Mar,4,Mar-4
63,4-Mar,Mar,4,Mar-4,Mar,5,Mar-5
64,5-Mar,Mar,5,Mar-5,Mar,6,Mar-6
65,6-Mar,Mar,6,Mar-6,Mar,7,Mar-7
66,7-Mar,Mar,7,Mar-7,Mar,8,Mar-8
67,8-Mar,Mar,8,Mar-8,Mar,9,Mar-9
68,9-Mar,Mar,9,Mar-9,Mar,10,Mar-10
69,10-Mar,Mar,10,Mar-10,Mar,11,Mar-11
70,11-Mar,Mar,11,Mar-11,Mar,12,Mar-12
71,12-Mar,Mar,12,Mar-12,Mar,13,Mar-13
72,13-Mar,Mar,13,Mar-13,Mar,14,Mar-14
73,14-Mar,Mar,14,Mar-14,Mar,15,Mar-15
74,15-Mar,Mar,15,Mar-15,Mar,16,Mar-16
75,16-Mar,Mar,16,Mar-16,Mar,17,Mar-17
76,17-Mar,Mar,17,Mar-17,Mar,18,Mar-18
77,18-Mar,Mar,18,Mar-18,Mar,19,Mar-19
78,19-Mar,Mar,19,Mar-19,Mar,20,Mar-20
79,20-Mar,Mar,20,Mar-20,Mar,21,Mar-21
80,21-Mar,Mar,21,Mar-21,Mar,22,Mar-22
81,22-Mar,Mar,22,Mar-22,Mar,23,Mar-23
82,23-Mar,Mar,23,Mar-23,Mar,24,Mar-24
83,24-Mar,Mar,24,Mar-24,Mar,25,Mar-25
84,25-Mar,Mar,25,Mar-25,Mar,26,Mar-26
85,26-Mar,Mar,26,Mar-26,Mar,27,Mar-27
86,27-Mar,Mar,27,Mar-27,Mar,28,Mar-28
87,28-Mar,Mar,28,Mar-28,Mar,29,Mar-29
88,29-Mar,Mar,29,Mar-29,Mar,30,Mar-30
89,30-Mar,Mar,30,Mar-30,Mar,31,Mar-31
90,31-Mar,Mar,31,Mar-31,Apr,1,Apr-1
91,1-Apr,Apr,1,Apr-1,Apr,2,Apr-2
92,2-Apr,Apr,2,Apr-2,Apr,3,Apr-3
93,3-Apr,Apr,3,Apr-3,Apr,4,Apr-4
94,4-Apr,Apr,4,Apr-4,Apr,5,Apr-5
95,5-Apr,Apr,5,Apr-5,Apr,6,Apr-6
96,6-Apr,Apr,6,Apr-6,Apr,7,Apr-7
97,7-Apr,Apr,7,Apr-7,Apr,8,Apr-8
98,8-Apr,Apr,8,Apr-8,Apr,9,Apr-9
99,9-Apr,Apr,9,Apr-9,Apr,10,Apr-10
100,10-Apr,Apr,10,Apr-10,Apr,11,Apr-11
101,11-Apr,Apr,11,Apr-11,Apr,12,Apr-12
102,12-Apr,Apr,12,Apr-12,Apr,13,Apr-13
103,13-Apr,Apr,13,Apr-13,Apr,14,Apr-14
104,14-Apr,Apr,14,Apr-14,Apr,15,Apr-15
105,15-Apr,Apr,15,Apr-15,Apr,16,Apr-16
106,16-Apr,Apr,16,Apr-16,Apr,17,Apr-17
107,17-Apr,Apr,17,Apr-17,Apr,18,Apr-18
108,18-Apr,Apr,18,Apr-18,Apr,19,Apr-19
109,19-Apr,Apr,19,Apr-19,Apr,20,Apr-20
110,20-Apr,Apr,20,Apr-20,Apr,21,Apr-21
111,21-Apr,Apr,21,Apr-21,Apr,22,Apr-22
112,22-Apr,Apr,22,Apr-22,Apr,23,Apr-23
113,23-Apr,Apr,23,Apr-23,Apr,24,Apr-24
114,24-Apr,Apr,24,Apr-24,Apr,25,Apr-25
115,25-Apr,Apr,25,Apr-25,Apr,26,Apr-26
116,26-Apr,Apr,26,Apr-26,Apr,27,Apr-27
117,27-Apr,Apr,27,Apr-27,Apr,28,Apr-28
118,28-Apr,Apr,28,Apr-28,Apr,29,Apr-29
119,29-Apr,Apr,29,Apr-29,Apr,30,Apr-30
120,30-Apr,Apr,30,Apr-30,May,1,May-1
121,1-May,May,1,May-1,May,2,May-2
122,2-May,May,2,May-2,May,3,May-3
123,3-May,May,3,May-3,May,4,May-4
124,4-May,May,4,May-4,May,5,May-5
125,5-May,May,5,May-5,May,6,May-6
126,6-May,May,6,May-6,May,7,May-7
127,7-May,May,7,May-7,May,8,May-8
128,8-May,May,8,May-8,May,9,May-9
129,9-May,May,9,May-9,May,10,May-10
130,10-May,May,10,May-10,May,11,May-11
131,11-May,May,11,May-11,May,12,May-12
132,12-May,May,12,May-12,May,13,May-13
133,13-May,May,13,May-13,May,14,May-14
134,14-May,May,14,May-14,May,15,May-15
135,15-May,May,15,May-15,May,16,May-16
136,16-May,May,16,May-16,May,17,May-17
137,17-May,May,17,May-17,May,18,May-18
138,18-May,May,18,May-18,May,19,May-19
139,19-May,May,19,May-19,May,20,May-20
140,20-May,May,20,May-20,May,21,May-21
141,21-May,May,21,May-21,May,22,May-22
142,22-May,May,22,May-22,May,23,May-23
143,23-May,May,23,May-23,May,24,May-24
144,24-May,May,24,May-24,May,25,May-25
145,25-May,May,25,May-25,May,26,May-26
146,26-May,May,26,May-26,May,27,May-27
147,27-May,May,27,May-27,May,28,May-28
148,28-May,May,28,May-28,May,29,May-29
149,29-May,May,29,May-29,May,30,May-30
150,30-May,May,30,May-30,May,31,May-31
151,31-May,May,31,May-31,Jun,1,Jun-1
152,1-Jun,Jun,1,Jun-1,Jun,2,Jun-2
153,2-Jun,Jun,2,Jun-2,Jun,3,Jun-3
154,3-Jun,Jun,3,Jun-3,Jun,4,Jun-4
155,4-Jun,Jun,4,Jun-4,Jun,5,Jun-5
156,5-Jun,Jun,5,Jun-5,Jun,6,Jun-6
157,6-Jun,Jun,6,Jun-6,Jun,7,Jun-7
158,7-Jun,Jun,7,Jun-7,Jun,8,Jun-8
159,8-Jun,Jun,8,Jun-8,Jun,9,Jun-9
160,9-Jun,Jun,9,Jun-9,Jun,10,Jun-10
161,10-Jun,Jun,10,Jun-10,Jun,11,Jun-11
162,11-Jun,Jun,11,Jun-11,Jun,12,Jun-12
163,12-Jun,Jun,12,Jun-12,Jun,13,Jun-13
164,13-Jun,Jun,13,Jun-13,Jun,14,Jun-14
165,14-Jun,Jun,14,Jun-14,Jun,15,Jun-15
166,15-Jun,Jun,15,Jun-15,Jun,16,Jun-16
167,16-Jun,Jun,16,Jun-16,Jun,17,Jun-17
168,17-Jun,Jun,17,Jun-17,Jun,18,Jun-18
169,18-Jun,Jun,18,Jun-18,Jun,19,Jun-19
170,19-Jun,Jun,19,Jun-19,Jun,20,Jun-20
171,20-Jun,Jun,20,Jun-20,Jun,21,Jun-21
172,21-Jun,Jun,21,Jun-21,Jun,22,Jun-22
173,22-Jun,Jun,22,Jun-22,Jun,23,Jun-23
174,23-Jun,Jun,23,Jun-23,Jun,24,Jun-24
175,24-Jun,Jun,24,Jun-24,Jun,25,Jun-25
176,25-Jun,Jun,25,Jun-25,Jun,26,Jun-26
177,26-Jun,Jun,26,Jun-26,Jun,27,Jun-27
178,27-Jun,Jun,27,Jun-27,Jun,28,Jun-28
179,28-Jun,Jun,28,Jun-28,Jun,29,Jun-29
180,29-Jun,Jun,29,Jun-29,Jun,30,Jun-30
181,30-Jun,Jun,30,Jun-30,Jul,1,Jul-1
182,1-Jul,Jul,1,Jul-1,Jul,2,Jul-2
183,2-Jul,Jul,2,Jul-2,Jul,3,Jul-3
184,3-Jul,Jul,3,Jul-3,Jul,4,Jul-4
185,4-Jul,Jul,4,Jul-4,Jul,5,Jul-5
186,5-Jul,Jul,5,Jul-5,Jul,6,Jul-6
187,6-Jul,Jul,6,Jul-6,Jul,7,Jul-7
188,7-Jul,Jul,7,Jul-7,Jul,8,Jul-8
189,8-Jul,Jul,8,Jul-8,Jul,9,Jul-9
190,9-Jul,Jul,9,Jul-9,Jul,10,Jul-10
191,10-Jul,Jul,10,Jul-10,Jul,11,Jul-11
192,11-Jul,Jul,11,Jul-11,Jul,12,Jul-12
193,12-Jul,Jul,12,Jul-12,Jul,13,Jul-13
194,13-Jul,Jul,13,Jul-13,Jul,14,Jul-14
195,14-Jul,Jul,14,Jul-14,Jul,15,Jul-15
196,15-Jul,Jul,15,Jul-15,Jul,16,Jul-16
197,16-Jul,Jul,16,Jul-16,Jul,17,Jul-17
198,17-Jul,Jul,17,Jul-17,Jul,18,Jul-18
199,18-Jul,Jul,18,Jul-18,Jul,19,Jul-19
200,19-Jul,Jul,19,Jul-19,Jul,20,Jul-20
201,20-Jul,Jul,20,Jul-20,Jul,21,Jul-21
202,21-Jul,Jul,21,Jul-21,Jul,22,Jul-22
203,22-Jul,Jul,22,Jul-22,Jul,23,Jul-23
204,23-Jul,Jul,23,Jul-23,Jul,24,Jul-24
205,24-Jul,Jul,24,Jul-24,Jul,25,Jul-25
206,25-Jul,Jul,25,Jul-25,Jul,26,Jul-26
207,26-Jul,Jul,26,Jul-26,Jul,27,Jul-27
208,27-Jul,Jul,27,Jul-27,Jul,28,Jul-28
209,28-Jul,Jul,28,Jul-28,Jul,29,Jul-29
210,29-Jul,Jul,29,Jul-29,Jul,30,Jul-30
211,30-Jul,Jul,30,Jul-30,Jul,31,Jul-31
212,31-Jul,Jul,31,Jul-31,Aug,1,Aug-1
213,1-Aug,Aug,1,Aug-1,Aug,2,Aug-2
214,2-Aug,Aug,2,Aug-2,Aug,3,Aug-3
215,3-Aug,Aug,3,Aug-3,Aug,4,Aug-4
216,4-Aug,Aug,4,Aug-4,Aug,5,Aug-5
217,5-Aug,Aug,5,Aug-5,Aug,6,Aug-6
218,6-Aug,Aug,6,Aug-6,Aug,7,Aug-7
219,7-Aug,Aug,7,Aug-7,Aug,8,Aug-8
220,8-Aug,Aug,8,Aug-8,Aug,9,Aug-9
221,9-Aug,Aug,9,Aug-9,Aug,10,Aug-10
222,10-Aug,Aug,10,Aug-10,Aug,11,Aug-11
223,11-Aug,Aug,11,Aug-11,Aug,12,Aug-12
224,12-Aug,Aug,12,Aug-12,Aug,13,Aug-13
225,13-Aug,Aug,13,Aug-13,Aug,14,Aug-14
226,14-Aug,Aug,14,Aug-14,Aug,15,Aug-15
227,15-Aug,Aug,15,Aug-15,Aug,16,Aug-16
228,16-Aug,Aug,16,Aug-16,Aug,17,Aug-17
229,17-Aug,Aug,17,Aug-17,Aug,18,Aug-18
230,18-Aug,Aug,18,Aug-18,Aug,19,Aug-19
231,19-Aug,Aug,19,Aug-19,Aug,20,Aug-20
232,20-Aug,Aug,20,Aug-20,Aug,21,Aug-21
233,21-Aug,Aug,21,Aug-21,Aug,22,Aug-22
234,22-Aug,Aug,22,Aug-22,Aug,23,Aug-23
235,23-Aug,Aug,23,Aug-23,Aug,24,Aug-24
236,24-Aug,Aug,24,Aug-24,Aug,25,Aug-25
237,25-Aug,Aug,25,Aug-25,Aug,26,Aug-26
238,26-Aug,Aug,26,Aug-26,Aug,27,Aug-27
239,27-Aug,Aug,27,Aug-27,Aug,28,Aug-28
240,28-Aug,Aug,28,Aug-28,Aug,29,Aug-29
241,29-Aug,Aug,29,Aug-29,Aug,30,Aug-30
242,30-Aug,Aug,30,Aug-30,Aug,31,Aug-31
243,31-Aug,Aug,31,Aug-31,Sep,1,Sep-1
244,1-Sep,Sep,1,Sep-1,Sep,2,Sep-2
245,2-Sep,Sep,2,Sep-2,Sep,3,Sep-3
246,3-Sep,Sep,3,Sep-3,Sep,4,Sep-4
247,4-Sep,Sep,4,Sep-4,Sep,5,Sep-5
248,5-Sep,Sep,5,Sep-5,Sep,6,Sep-6
249,6-Sep,Sep,6,Sep-6,Sep,7,Sep-7
250,7-Sep,Sep,7,Sep-7,Sep,8,Sep-8
251,8-Sep,Sep,8,Sep-8,Sep,9,Sep-9
252,9-Sep,Sep,9,Sep-9,Sep,10,Sep-10
253,10-Sep,Sep,10,Sep-10,Sep,11,Sep-11
254,11-Sep,Sep,11,Sep-11,Sep,12,Sep-12
255,12-Sep,Sep,12,Sep-12,Sep,13,Sep-13
256,13-Sep,Sep,13,Sep-13,Sep,14,Sep-14
257,14-Sep,Sep,14,Sep-14,Sep,15,Sep-15
258,15-Sep,Sep,15,Sep-15,Sep,16,Sep-16
259,16-Sep,Sep,16,Sep-16,Sep,17,Sep-17
260,17-Sep,Sep,17,Sep-17,Sep,18,Sep-18
261,18-Sep,Sep,18,Sep-18,Sep,19,Sep-19
262,19-Sep,Sep,19,Sep-19,Sep,20,Sep-20
263,20-Sep,Sep,20,Sep-20,Sep,21,Sep-21
264,21-Sep,Sep,21,Sep-21,Sep,22,Sep-22
265,22-Sep,Sep,22,Sep-22,Sep,23,Sep-23
266,23-Sep,Sep,23,Sep-23,Sep,24,Sep-24
267,24-Sep,Sep,24,Sep-24,Sep,25,Sep-25
268,25-Sep,Sep,25,Sep-25,Sep,26,Sep-26
269,26-Sep,Sep,26,Sep-26,Sep,27,Sep-27
270,27-Sep,Sep,27,Sep-27,Sep,28,Sep-28
271,28-Sep,Sep,28,Sep-28,Sep,29,Sep-29
272,29-Sep,Sep,29,Sep-29,Sep,30,Sep-30
273,30-Sep,Sep,30,Sep-30,Oct,1,Oct-1
274,1-Oct,Oct,1,Oct-1,Oct,2,Oct-2
275,2-Oct,Oct,2,Oct-2,Oct,3,Oct-3
276,3-Oct,Oct,3,Oct-3,Oct,4,Oct-4
277,4-Oct,Oct,4,Oct-4,Oct,5,Oct-5
278,5-Oct,Oct,5,Oct-5,Oct,6,Oct-6
279,6-Oct,Oct,6,Oct-6,Oct,7,Oct-7
280,7-Oct,Oct,7,Oct-7,Oct,8,Oct-8
281,8-Oct,Oct,8,Oct-8,Oct,9,Oct-9
282,9-Oct,Oct,9,Oct-9,Oct,10,Oct-10
283,10-Oct,Oct,10,Oct-10,Oct,11,Oct-11
284,11-Oct,Oct,11,Oct-11,Oct,12,Oct-12
285,12-Oct,Oct,12,Oct-12,Oct,13,Oct-13
286,13-Oct,Oct,13,Oct-13,Oct,14,Oct-14
287,14-Oct,Oct,14,Oct-14,Oct,15,Oct-15
288,15-Oct,Oct,15,Oct-15,Oct,16,Oct-16
289,16-Oct,Oct,16,Oct-16,Oct,17,Oct-17
290,17-Oct,Oct,17,Oct-17,Oct,18,Oct-18
291,18-Oct,Oct,18,Oct-18,Oct,19,Oct-19
292,19-Oct,Oct,19,Oct-19,Oct,20,Oct-20
293,20-Oct,Oct,20,Oct-20,Oct,21,Oct-21
294,21-Oct,Oct,21,Oct-21,Oct,22,Oct-22
295,22-Oct,Oct,22,Oct-22,Oct,23,Oct-23
296,23-Oct,Oct,23,Oct-23,Oct,24,Oct-24
297,24-Oct,Oct,24,Oct-24,Oct,25,Oct-25
298,25-Oct,Oct,25,Oct-25,Oct,26,Oct-26
299,26-Oct,Oct,26,Oct-26,Oct,27,Oct-27
300,27-Oct,Oct,27,Oct-27,Oct,28,Oct-28
301,28-Oct,Oct,28,Oct-28,Oct,29,Oct-29
302,29-Oct,Oct,29,Oct-29,Oct,30,Oct-30
303,30-Oct,Oct,30,Oct-30,Oct,31,Oct-31
304,31-Oct,Oct,31,Oct-31,Nov,1,Nov-1
305,1-Nov,Nov,1,Nov-1,Nov,2,Nov-2
306,2-Nov,Nov,2,Nov-2,Nov,3,Nov-3
307,3-Nov,Nov,3,Nov-3,Nov,4,Nov-4
308,4-Nov,Nov,4,Nov-4,Nov,5,Nov-5
309,5-Nov,Nov,5,Nov-5,Nov,6,Nov-6
310,6-Nov,Nov,6,Nov-6,Nov,7,Nov-7
311,7-Nov,Nov,7,Nov-7,Nov,8,Nov-8
312,8-Nov,Nov,8,Nov-8,Nov,9,Nov-9
313,9-Nov,Nov,9,Nov-9,Nov,10,Nov-10
314,10-Nov,Nov,10,Nov-10,Nov,11,Nov-11
315,11-Nov,Nov,11,Nov-11,Nov,12,Nov-12
316,12-Nov,Nov,12,Nov-12,Nov,13,Nov-13
317,13-Nov,Nov,13,Nov-13,Nov,14,Nov-14
318,14-Nov,Nov,14,Nov-14,Nov,15,Nov-15
319,15-Nov,Nov,15,Nov-15,Nov,16,Nov-16
320,16-Nov,Nov,16,Nov-16,Nov,17,Nov-17
321,17-Nov,Nov,17,Nov-17,Nov,18,Nov-18
322,18-Nov,Nov,18,Nov-18,Nov,19,Nov-19
323,19-Nov,Nov,19,Nov-19,Nov,20,Nov-20
324,20-Nov,Nov,20,Nov-20,Nov,21,Nov-21
325,21-Nov,Nov,21,Nov-21,Nov,22,Nov-22
326,22-Nov,Nov,22,Nov-22,Nov,23,Nov-23
327,23-Nov,Nov,23,Nov-23,Nov,24,Nov-24
328,24-Nov,Nov,24,Nov-24,Nov,25,Nov-25
329,25-Nov,Nov,25,Nov-25,Nov,26,Nov-26
330,26-Nov,Nov,26,Nov-26,Nov,27,Nov-27
331,27-Nov,Nov,27,Nov-27,Nov,28,Nov-28
332,28-Nov,Nov,28,Nov-28,Nov,29,Nov-29
333,29-Nov,Nov,29,Nov-29,Nov,30,Nov-30
334,30-Nov,Nov,30,Nov-30,Dec,1,Dec-1
335,1-Dec,Dec,1,Dec-1,Dec,2,Dec-2
336,2-Dec,Dec,2,Dec-2,Dec,3,Dec-3
337,3-Dec,Dec,3,Dec-3,Dec,4,Dec-4
338,4-Dec,Dec,4,Dec-4,Dec,5,Dec-5
339,5-Dec,Dec,5,Dec-5,Dec,6,Dec-6
340,6-Dec,Dec,6,Dec-6,Dec,7,Dec-7
341,7-Dec,Dec,7,Dec-7,Dec,8,Dec-8
342,8-Dec,Dec,8,Dec-8,Dec,9,Dec-9
343,9-Dec,Dec,9,Dec-9,Dec,10,Dec-10
344,10-Dec,Dec,10,Dec-10,Dec,11,Dec-11
345,11-Dec,Dec,11,Dec-11,Dec,12,Dec-12
346,12-Dec,Dec,12,Dec-12,Dec,13,Dec-13
347,13-Dec,Dec,13,Dec-13,Dec,14,Dec-14
348,14-Dec,Dec,14,Dec-14,Dec,15,Dec-15
349,15-Dec,Dec,15,Dec-15,Dec,16,Dec-16
350,16-Dec,Dec,16,Dec-16,Dec,17,Dec-17
351,17-Dec,Dec,17,Dec-17,Dec,18,Dec-18
352,18-Dec,Dec,18,Dec-18,Dec,19,Dec-19
353,19-Dec,Dec,19,Dec-19,Dec,20,Dec-20
354,20-Dec,Dec,20,Dec-20,Dec,21,Dec-21
355,21-Dec,Dec,21,Dec-21,Dec,22,Dec-22
356,22-Dec,Dec,22,Dec-22,Dec,23,Dec-23
357,23-Dec,Dec,23,Dec-23,Dec,24,Dec-24
358,24-Dec,Dec,24,Dec-24,Dec,25,Dec-25
359,25-Dec,Dec,25,Dec-25,Dec,26,Dec-26
360,26-Dec,Dec,26,Dec-26,Dec,27,Dec-27
361,27-Dec,Dec,27,Dec-27,Dec,28,Dec-28
362,28-Dec,Dec,28,Dec-28,Dec,29,Dec-29
363,29-Dec,Dec,29,Dec-29,Dec,30,Dec-30
364,30-Dec,Dec,30,Dec-30,Dec,31,Dec-31
365,31-Dec,Dec,31,Dec-31,NA,NA,NA
